created_at,username,tweet
2021-01-03 12:02:46,nsbmh_,ajaib assalamualaikum ada sesiapa berminat nak beli hp blackberry bold amp kasut secondhand if berminat sila dm saya ikhtiar jua 
2021-01-03 12:02:43,Pakdedy2,majelis agama islam singapura memegang posisis bhwa vaksin covid di izinkan untuk digunakan umat muslim 
2021-01-03 12:02:41,Hanifah933,bagi nakes tenaga kesehatan yg mau ngecek apakah namanya sudah masuk dlm program vaksin gratis dari pemerintah silahkan k 
2021-01-03 12:02:39,mbahutistp,jelo didalam negeri ribut dgn halal tidaknya sinovac justru di saudi arabia telah melakukan vaksin pada warganya 
2021-01-03 12:02:37,qielafzan,ajaib assalamualaikum ada sesiapa berminat nak beli hp blackberry bold amp kasut secondhand if berminat sila dm saya ikhtiar jua 
2021-01-03 12:02:37,shineedudes,rencananya program vaksinasi covid di indonesia tuntas dalam waktu bulan mulai dari januari dan akan rampung pa 
2021-01-03 12:02:37,ar_9091,apa yang harus kita lakukan ketika orang terdekat positif covid sebagai orang terdekat kita bisa membantu mereka y 
2021-01-03 12:02:35,RadioRTM_Rasmi,anda kes positif yang berada di rumah patuhi langkah langkah ini bagi memutuskan rantaian jangkitan covid 
2021-01-03 12:02:34,MalaysiaGazette,anwar enggan berbalah dengan tun m kematian covid 
2021-01-03 12:02:34,Thermovisi,koko kesadaran dalam diri di masyarakat menurun dok soal covid ini 
2021-01-03 12:02:57,zaeyyie,stein barusan saya buka aplikasi al qur an indonesia di android tiba tiba ada notifikasi begini kedua orang tua pembuat aplikasi 
2021-01-03 12:02:57,ShazrifHisham,terkini kes baharu covid hari ini termasuk kes impo perak rekodkan kes baharu perincian menyusul di th 
2021-01-03 12:02:56,Finishars,apa yang harus kita lakukan ketika orang terdekat positif covid sebagai orang terdekat kita bisa membantu mereka y 
2021-01-03 12:02:56,zakwanabqarie_,status terkini januari kes sembuh jumlah kes sembuh kes kes baharu positif kes 
2021-01-03 12:02:54,Antara_Jabar,biofarma sebut tidak ada kendala distribusi vaksin ke seluruh indonesia antara news jawa barat 
2021-01-03 12:02:52,AkiraYuzue,apa yang harus kita lakukan ketika orang terdekat positif covid sebagai orang terdekat kita bisa membantu mereka y 
2021-01-03 12:02:52,mbahutistp,jelo ini daftar yg siap d ia vaksin dwi ahmadyu 
2021-01-03 12:02:46,nsbmh_,ajaib assalamualaikum ada sesiapa berminat nak beli hp blackberry bold amp kasut secondhand if berminat sila dm saya ikhtiar jua 
2021-01-03 12:02:43,Pakdedy2,majelis agama islam singapura memegang posisis bhwa vaksin covid di izinkan untuk digunakan umat muslim 
2021-01-03 12:02:41,Hanifah933,bagi nakes tenaga kesehatan yg mau ngecek apakah namanya sudah masuk dlm program vaksin gratis dari pemerintah silahkan k 
2021-01-03 12:02:39,mbahutistp,jelo didalam negeri ribut dgn halal tidaknya sinovac justru di saudi arabia telah melakukan vaksin pada warganya 
2021-01-03 12:02:37,qielafzan,ajaib assalamualaikum ada sesiapa berminat nak beli hp blackberry bold amp kasut secondhand if berminat sila dm saya ikhtiar jua 
2021-01-03 12:02:37,shineedudes,rencananya program vaksinasi covid di indonesia tuntas dalam waktu bulan mulai dari januari dan akan rampung pa 
2021-01-03 12:02:37,ar_9091,apa yang harus kita lakukan ketika orang terdekat positif covid sebagai orang terdekat kita bisa membantu mereka y 
2021-01-03 12:02:35,RadioRTM_Rasmi,anda kes positif yang berada di rumah patuhi langkah langkah ini bagi memutuskan rantaian jangkitan covid 
2021-01-03 12:02:34,MalaysiaGazette,anwar enggan berbalah dengan tun m kematian covid 
2021-01-03 12:02:34,Thermovisi,koko kesadaran dalam diri di masyarakat menurun dok soal covid ini 
2021-01-03 12:02:33,liranti,segala upaya pansos dengan memanfaatkan pandemi covid sungguh tidak lucu ada nyawa manusia disini yang kamu permainkan 
2021-01-03 12:02:32,godham5,yang mengatakan vaksin sinovac ngak halal jangan percaya demi mari kita lawan provokasi 
2021-01-03 12:02:31,SeanAkbar4,rusli kalau gue terus terang tunggu vaksin apa yang dibeli oleh sultan hassanal bolkiah yang dipeuan negeri brunei darussa 
2021-01-03 12:02:31,TgAthiya,kes positif ong tai kim gombak sebentar tadi fb pasaraya ong tai kim mengesahkan seorang pekerja mereka di gombak positif 
2021-01-03 12:02:30,Gus_Jengking,untuk saat ini vaksin tersebut masih menunggu persetujuan emergency use authorization eua dari ri apabila izinnya 
2021-01-03 12:02:26,tiff_nni,kenapa wuhan bisa pay tahun baru tanpa vaksin gak perlu bikin teori konspirasi udah ada prakteknya kita aja yg gak 
2021-01-03 12:02:24,eihdelweis,stein barusan saya buka aplikasi al qur an indonesia di android tiba tiba ada notifikasi begini kedua orang tua pembuat aplikasi 
2021-01-03 12:02:24,Ganangredcliff,stein barusan saya buka aplikasi al qur an indonesia di android tiba tiba ada notifikasi begini kedua orang tua pembuat aplikasi 
2021-01-03 12:02:20,myeowwwww,ikea umum cawangannya di damansara ditutup mulai hari ini susulan beberapa kes positif covid dikesan dalam kalangan 
2021-01-03 12:02:20,umaru06,repo membedah tweet akun kak selama wabah covid di tuk memahami respon pemerintah berikut t 
2021-01-03 12:02:17,0lla____,rania teman semua minta doanya buat sobib gw sastro pedhal ya sedang di rawat di rs bcos covid semoga di sembuhkan dari 
2021-01-03 12:02:16,aisyahmn__,berikut adalah perincian kes baharu covid di negeri perak hari ini 
2021-01-03 12:02:15,shineedudes,pemerintah telah mendatangkan juta dosis vaksin covid ke tanah air kehadiran vaksin tersebut membawa ha 
2021-01-03 12:02:15,abdulrtah,karena netizen kepo jubir kelabakan 
2021-01-03 12:02:14,Gus_Jengking,pemerintah telah mendatangkan juta dosis vaksin covid ke tanah air kehadiran vaksin tersebut membawa ha 
2021-01-03 12:02:11,ShaAzhm,ikea umum cawangannya di damansara ditutup mulai hari ini susulan beberapa kes positif covid dikesan dalam kalangan 
2021-01-03 12:02:11,OethoenSlow,di tengah covid bpjs tetap naik pemerintah tetap menaikkan besaran iuran bpjs kesehatan mulai januari untuk pesea 
2021-01-03 12:02:09,MakmurJohor01,info makmur johor taburan data kes covid di negeri johor kemaskini sehingga januari 
2021-01-03 12:02:07,DamiYuh,orang malaysia nak free from covid macam new zealand tapi kita buat perangai macam orang amerika masa pandemik pi pa 
2021-01-03 12:02:06,ajunaedi05_,sekarang lagi ramai ramainya masalah pengesahan ruu cipta kerja ya terus bagaimana dengan pandemi covid apakah masih 
2021-01-03 12:02:05,uyulizatul,sazali tak puas hati kkm rancang kuarantin di rumah untuk kes covid risiko rendah tak duduk rumah sebab takde lockdown t 
2021-01-03 12:02:05,alyafrina_,baru dapat info thailand baru je lockdown lepas kes covid naik jadi cases 
2021-01-03 12:02:04,koran_metro,ngeri banget warga bojong rawalumbu terpapar covid dicuekin tak ada tindakan dari satgas 
2021-01-03 12:02:03,Media_Selangor,video covid sembuh kematian 
2021-01-03 12:02:03,bekasi_pedia,ngeri banget warga bojong rawalumbu terpapar covid dicuekin tak ada tindakan dari satgas 
2021-01-03 12:02:02,idntimes,jumlah penumpang kapal libur akhir tahun anjlok persen 
2021-01-03 12:01:59,Kodim_Sragen,minggu pukul wib anggota koramil sambungmacan melaksanakan kegiatan penegakan disiplin dan penerapan protokol kesehatan covid di wilayah kec sambungmacan 
2021-01-03 12:01:58,futurexbatman,status terkini januari kes sembuh jumlah kes sembuh kes kes baharu positif kes 
2021-01-03 12:01:58,drging1,penyebab nya covid pembentukan anti body perlu bbrp bulan mk sebln kmd hrs di booster slm blm terbtk tetap hrs m 
2021-01-03 12:01:58,andamakapela,my year old son uxelele umakhulu wakhe that ngumamakhe lo wandosulela nge covid 
2021-01-03 12:01:53,muhd24amiruldin,status terkini januari kes sembuh jumlah kes sembuh kes kes baharu positif kes 
2021-01-03 12:01:52,nabilalsag0ff,tunaikan sahajalah permintaan rakyat agar pengeluaran i sinar kwsp tanpa syarat atau kriteria 
2021-01-03 12:01:49,weedepoo,wong coong hann selaku pengarah kejurulatihan bam disahkan positif covid manakala semua pemain sea staff yang lain neg 
2021-01-03 12:01:46,KemenkesRI,pemerintah menargetkan vaksinasi covid akan berlangsung selama bulan yang terbagi dalam tahapan yakni tahap peama pada januari april yang diprioritaskan bagi juta tenaga kesehatan dan petugas publik di provinsi di indonesia 
2021-01-03 12:01:45,asri2004,insyaallah syukur kerana berdoa menjadi kekuasaan kepada allah mengambil nyawa kan yg sehingga kini jgn emosi tu kita dgn pun biar sabar dn tenang saja pinta aku kata terakhir saat masa depan henti covid mampu kekurangan mahu nasihat dengan cikgu dan murid ye 
2021-01-03 12:01:44,KamalPark_,waghih ado yang baru balik dari cameron highland ke kalau ada baik buat swap test beberapa kawasan di cameron diarah t 
2021-01-03 12:01:42,Nuyull49,kes kematian dilaporkan termasuk bukan warganegara jumlah kes kematian covid di malaysia kini kkm menguc 
2021-01-03 12:01:41,_ahmdhafizzudin,peningkatan kembali kes global covid dan bayangan pakej rangsangan ekonomi dari presiden amerika syarikat yang baru joe biden meningkatkan kembali harga emas di hujung tahun perjalanan untuk memecahkan aras usd oz 
2021-01-03 12:01:39,soeyoto1,karena netizen kepo jubir kelabakan 
2021-01-03 12:01:37,ridwanyangitu,kader ajaib dari moncong putih vaksin yg disuntikan sangat bagus sehingga immunitasnya kuat walaupun bang jago ini te 
2021-01-03 12:01:37,Jeff_Jerr,status terkini januari kes sembuh jumlah kes sembuh kes kes baharu positif kes 
2021-01-03 12:01:37,koassgigi,repo membedah tweet akun kak selama wabah covid di tuk memahami respon pemerintah berikut t 
2021-01-03 12:01:35,adyvyruz,kes kematian dilaporkan termasuk bukan warganegara jumlah kes kematian covid di malaysia kini kkm menguc 
2021-01-03 12:01:34,gesgestay,tekanan psikis yang dialami pasien dan keluarga covid sungguh memang nyata adanya mantap
2021-01-03 12:01:34,TradingDiary2,benar pak tapi irra mestinya selalu diuntungkan vaksin yaa logika 
2021-01-03 12:01:32,liputan6dotcom,provinsi dengan laporan kasus covid sembuh dan meninggal teinggi per januari 
2021-01-03 12:01:32,IDNTimesJateng,jumlah penumpang kapal libur akhir tahun anjlok persen 
2021-01-03 12:01:29,ltlamsii_,di tengah covid bpjs tetap naik pemerintah tetap menaikkan besaran iuran bpjs kesehatan mulai januari untuk pesea 
2021-01-03 12:01:27,IrfanR1997,rusli dok sus nakes gak usah gugup dengan kiriman sms cinta masih ada jalan untuk saling bantulah bikin surat keterangan buat 
2021-01-03 12:01:26,bringas3006,pro ketahanan energi pabrik baterai sdh dibangun pabrik mobil listrik bakal dibangun juga hulu ke hilir indonesia terdepan 
2021-01-03 12:01:25,einhzn,indonesia update infografis percepatan penanganan covid di indonesia per tanggal januari pukul wib 
2021-01-03 12:01:23,nababan_martha,dampak pandemi covid berimbas ke segala segala sektor bisnis dan perekonomian namun dengan segala usaha dan penyes 
2021-01-03 12:01:22,_ahmdhafizzudin,pfizer inc dan beberapa syarikat mula mengumumkan vaksin untuk covid dan harga emas terus mengalami penurunan sehingga kurang dari usd oz vaksin covid pemulihan ekonomi pelabur jual safe haven emas untuk dapatkan kembali cash demand kurang harga jatuh 
2021-01-03 12:01:21,liputan4com,pasien sembuh beambah kasus baru dan pasien covid meninggal 
2021-01-03 12:01:21,azahmuhd,berikut adalah perincian kes baharu covid di negeri perak hari ini 
2021-01-03 12:01:19,riyanprett,apa yang harus kita lakukan ketika orang terdekat positif covid sebagai orang terdekat kita bisa membantu mereka y 
2021-01-03 12:01:18,Suprayi94813531,rusli satu hal yg ditakuti dan tdk diberitakan efek samping dari vaksin covid yg dilakukan secara berkala adalah membuat t se 
2021-01-03 12:01:17,MarzianaIsmail,kes kematian dilaporkan termasuk bukan warganegara jumlah kes kematian covid di malaysia kini kkm menguc 
2021-01-03 12:01:16,pisang_haziq,kementerian memaklumkan doktor itu ada sejarah alahan dan mendakwa tiada bukti dari ujian klinikal bahawa ada yang me 
2021-01-03 12:01:16,Mueng_Engingeng,untuk saat ini vaksin tersebut masih menunggu persetujuan emergency use authorization eua dari ri apabila izinnya 
2021-01-03 12:01:12,LaporCovid,repo membedah tweet akun kak selama wabah covid di tuk memahami respon pemerintah berikut temuannya 
2021-01-03 12:01:12,Dickquake,kasus positif berikut data terbaru pasien covid di d i yogyakaa selengkapnya dapat di akses melaui 
2021-01-03 12:01:09,nandothok,mimi yuliani nazir mengatakan vaksin tersebut dikirim pemerintah pusat melalui pt bio farma persero lewat jalur darat ht 
2021-01-03 12:01:08,nababan_martha,sobat telkom indonesia terus berinovasi melawan pandemi dan memulihkan ekonomi dengan berbagai kontribusi salah satu 
2021-01-03 12:01:05,Bang_Nago,mimi yuliani nazir mengatakan vaksin tersebut dikirim pemerintah pusat melalui pt bio farma persero lewat jalur darat ht 
2021-01-03 12:01:04,fatin_illani,kes kematian dilaporkan termasuk bukan warganegara jumlah kes kematian covid di malaysia kini kkm menguc 
2021-01-03 12:01:03,faisalrazak325,kasus covid masih tinggi pemkot tangerang tunda belajar tatap muka 
2021-01-03 12:01:02,Mueng_Engingeng,rencananya program vaksinasi covid di indonesia tuntas dalam waktu bulan mulai dari januari dan akan rampung pa 
2021-01-03 12:01:01,ruiskadesu,dahlah yang paling bener tuh baca dan pahami juknis vaksin covid sama jurnal dampak vaksinnya dah 
2021-01-03 12:01:01,nababan_martha,sobat tidak ada satu pun yang menyangka covid akan mengubah dunia sepei saat ini salah satunya adalah cara beke 
2021-01-03 12:01:00,ikeramdan,aku tak rasa covid dalam malaysia ni under control dah 
2021-01-03 12:00:59,alipjffr,ajaib assalamualaikum ada sesiapa berminat nak beli hp blackberry bold amp kasut secondhand if berminat sila dm saya ikhtiar jua 
2021-01-03 12:00:59,ZyeZykia,pelaksanaan vaksinasi covid akan membutuhkan waktu bulan lawan pandemi covid 
2021-01-03 12:00:59,NasirNasnasir71,covid jan jumlah sembuh baru jumlah kumulatif jumlah kes baru jumlah kumulatif jum 
2021-01-03 12:00:59,melindanishida,ameliawidy get well soon momota another shuttler yang kena covid sebelumnya ada axelsen sama rankireddy ya kalo ga salah 
2021-01-03 12:00:57,tasyatirahh,kes kematian dilaporkan termasuk bukan warganegara jumlah kes kematian covid di malaysia kini kkm menguc 
2021-01-03 12:00:57,INDRAARDIAWAN2,untuk saat ini vaksin tersebut masih menunggu persetujuan emergency use authorization eua dari ri apabila izinnya 
2021-01-03 12:00:56,enggi_engineer,sekali lagi vaksin tidak menyebabkan kita jadi sakit tapi vaksin tidak bisa menganulir transmisi infeksi yang sudah 
2021-01-03 12:00:56,tjhinfar21,pemerintah melalui kemenkes telah memulai mengirimkan sms kepada masyarakat terkait vaksinasi covid ini 
2021-01-03 12:00:55,kai_saroo,baru dapat info thailand baru je lockdown lepas kes covid naik jadi cases 
2021-01-03 12:00:54,INDRAARDIAWAN2,pemerintah telah mendatangkan juta dosis vaksin covid ke tanah air kehadiran vaksin tersebut membawa ha 
2021-01-03 12:00:54,Wardoyomil06,kodim karanganyar sabtu tgl januari pelda mudhakir dan seu marjuki anggota koramil kerjo melaksanakan patroli himbauan dan pengawasan giat disiplin protokol kesehatan covid 
2021-01-03 12:00:53,Luwmen_,ikea umum cawangannya di damansara ditutup mulai hari ini susulan beberapa kes positif covid dikesan dalam kalangan 
2021-01-03 16:19:05,hsnahumyra,van jenazah percuma kami menghantar jenazah yg positif covid dari kl ke kelantan semua urusan dr mula sampai habis ol 
2021-01-03 16:19:03,PrabowoAle,warga israel positif covid usai disuntik vaksin 
2021-01-03 16:19:03,Football_ID,chelsea vs manchester city live streaming amp tv prediksi jalannya peandingan susunan pemain dan kabar terkini di tengah meningkatnya kasus covid di skuad man city bigmatch di stamford bridge ini bakal menyajikan pearungan menarik 
2021-01-03 16:19:02,NikNikkiee,van jenazah percuma kami menghantar jenazah yg positif covid dari kl ke kelantan semua urusan dr mula sampai habis ol 
2021-01-03 16:19:02,bkndiataskertas,sekali lagi vaksin tidak menyebabkan kita jadi sakit tapi vaksin tidak bisa menganulir transmisi infeksi yang sudah 
2021-01-03 16:18:55,Sobirin_ganteng,koko dok tlg ksh tau menkes vaksin nya ksh yg otak koslet duluan dok
2021-01-03 16:18:55,titiktitikblank,dengan divaksinasi kita sama saja bantu melindungi orang lain apalagi vaksin di indonesia gratis tentunya ada kri 
2021-01-03 16:18:51,afiqku98,berikut adalah perincian kes baharu covid di negeri perak hari ini 
2021-01-03 16:18:50,kopikirpikir,berbagi pengalaman selama positif covid lianhua x vitamin c mg vitamin d iu zinc mg asthin force 
2021-01-03 16:18:43,ekoyuniarto,banyak orang shalih dan da i yang terjangkit covid yuk berinfaq melalui jangan biarkan mereka be 
2021-01-04 03:22:38,tempodotco,ada puluhan personel polda banten yang dilibatkan dalam proses pengamanan dan pengawalan vaksin covid tersebut 
2021-01-04 03:22:33,NurArdisa,dari sejarahnya isu menolak vaksin memang bukan hal baru kita tahu itu tapi dari sejarah juga kita bisa melihat v 
2021-01-04 03:22:33,zrnthecat,thank you bina selain menjadi seorang tourist guide yg jobless sejak covid saya juga menjual satin ski yg sangat best utk kelangsungan hidup production sendiri bukan jahit pukal inshaallah quality tiptop 
2021-01-04 03:22:29,JakartaGreater,temanggung usulkan orang target vaksinasi covid 
2021-01-04 03:22:28,MamakBaik777,ada penelitian awal meneliti hubungan covid dengan tidur hasil awal menunjukkan virus bisa diblok dengan melatonin melat 
2021-01-04 03:22:28,HumasMatraman,bhabinkamtibmas kel pisangan baru polsek matraman aipda sofyan melaksanakan teguran persuasif kepada para pedagang dipasar jangkrik jl pisangan baru tengah rw kel pisangan baru matraman jaktim agar wajib mematuhi protokol kesehatan m guna cegah penyebaran covid 
2021-01-04 03:22:24,phaphamamlfm,xana wena utwisisa yini hi njhekanjhekisano lowu wunga kona mayelana na vaccine ya covid ke 
2021-01-04 03:22:24,Mjohnsamosir,sepeinya belum waktu yg tepat memulai belajar mengajar tatap muka spti yg diutarakan kpai penularan covid per harinya cenderung masih tinggi sementara ini masih lebih baik belajar mengajar jarak jauh ingat anak pelajar belum bisa dng baik utk menjaga diri dari covid 
2021-01-04 03:22:22,Masdjodi1,organisasi masyarakat asal jabung lampung timur ini dirikan jabung sai pustaka sebuah wadah tempat belajar siswa di tengah 
2021-01-04 03:22:21,imunk,bohong lagi siap divaksin peama tapi nik jokowi tidak terdaftar sebagai penerima vaksin rubrik indonesia 
2021-01-04 03:22:20,prayoganyoman,pandemi masih berlangsung bagi para terus jaga kesehatan lindungi diri tetap kontrol kehamilan dan 
2021-01-04 03:22:17,kartikahari13,pelantikan presiden terpilih amerika serikat as joe biden akan digelar dengan mematuhi pembatasan kerumunan selama pandem 
2021-01-04 03:22:15,pajakbadora,tahun ini digunakan untuk mengatasi dan meringankan dampak pandemi covid yang dirasakan masyarakat sudah ja 
2021-01-04 03:22:14,lilah_cholilah,sms yang disampaikan ke nomor pribadi tersebut tidak mencantumkan jadwal vaksinasi 
2021-01-04 03:22:11,Arie_Kriting,vaksin masih beberapa bulan lagi harus tetap jaga kesehatan ya salah satunya dengan tetap bahagia agar imun tubuh kuat dan untuk membuat masyarakat tetap bahagia berikut asupan komedi persembahan kami poor ba eps risalah waktu via 
2021-01-04 03:22:11,riaupos,vaksin covid dijadwalkan tiba hari ini 
2021-01-04 03:22:10,bahynurey,vaksin covid sinovac telah mulai didistribusikan oleh pt bio farma ke provinsi di indonesia sebanyak vaksin sud 
2021-01-04 03:22:08,seesaawwww,terulang ketika menjalani operasi di usia muda saya menunggu waktu yang tepat dan memutuskan untuk menyelesaikannya awal tahun depan terlepas dari situasi covid saya telah merencanakan untuk menjalani operasi setelah tahap akhir tahun tetapi saya menyelesaikannya tahun
2021-01-04 03:22:06,SumutposO,kasus covid pascalibur tahun baru positif sembuh 
2021-01-04 03:22:04,SINDOnews,siap siap vaksinasi covid untuk masyarakat umum mulai april 
2021-01-04 03:22:04,ichsanarif1,sdh dp uang muka beli vaksin mau bgmn lagi izin darurat bisa di atur sdh bisa di tebak bahkan hasil akhir uji klinis bisa jg demikian 
2021-01-04 03:22:03,galamedianews,tenaga kesehatan asal indonesia beberkan efek samping vaksin covid 
2021-01-04 03:22:02,kompascom,responden survei litbang kompas menilai ekonomi dan vaksinasi jadi agenda penting atasi pandemi covid 
2021-01-04 03:22:02,an_sobat,overload uji spesimen pcr di lab kabupaten blitar catatkan lonjakan kasus covid 
2021-01-04 03:22:01,beginswithR,x guy ada mangsa banjir yang kematian ahli keluarga rosak kereta rumah perabot amp selainnya moga moga all h mempermudahkan u 
2021-01-04 03:21:53,arisutrisna_ari,pelssy dicontohkan dulu pemerintah terlebih dahulu kasih obaat dan vaksin
2021-01-04 03:21:53,KominfoBekasi,sampurasun wargi jaba pasca terjangkit virus covid hal hal apa saja yang akan kita rasakan via 
2021-01-04 03:21:52,Andri_pls86,ok dumdum kalo sudah tau itu racun kenapa harus ambil resiko untuk menularkan ke yg lain faham khilafah bahkan lebi 
2021-01-04 03:21:50,rynldyz_,nfn pemerintah memastikan suplai vaksin covid aman vaksin dari sinovac pemerintah mengamankan suplai 
2021-01-04 03:21:49,syakib14,lipi jihad kemanusiaan muhammadiyah selama pandemi covid telah melakukan berbagai aksi nyata membantu peme 
2021-01-04 03:21:43,Syamsud76579252,dki jakaa mencatatkan sejumlah lonjakan kasus covid akhir tahun kemarin namun pemprov dki tidak memutuskan tak memperk 
2021-01-04 03:21:43,AbdaRizka,mereka tidak memikirkan bagaimana orang orang yang tinggal di rumah tentang masalah ekonomi banyak orang yang terkena damp 
2021-01-04 03:21:41,royal_dudeness,siap divaksin peama tapi nik jokowi tidak terdaftar sebagai penerima vaksin bohong lagi 
2021-01-04 03:21:40,hanifhamid__,x guy ada mangsa banjir yang kematian ahli keluarga rosak kereta rumah perabot amp selainnya moga moga all h mempermudahkan u 
2021-01-04 03:21:36,bekasi_humas,bhabinkamtibmas kelurahan bekasi jaya bekasi timur bripka heriyanto melakukan patroli wilayah dan memberikan himbauan kepada warga masyarakat untuk tetap mematuhi protokol kesehatan mari patuhi prokes covid 
2021-01-04 03:21:35,leopardies,ditelpon tiba tiba oleh seorang teman sa aku dipanggil kemenkes kenapa katanya urgent iih bahaya dasar gob 
2021-01-04 03:21:31,NurFarhanaZulk3,bincangkan pelajar matrikulasi kena tanggung risiko demi jawab pspm ftf covid bukan main la pihak hep 
2021-01-04 03:21:31,infogehnet,tadi malam vaksin covid tiba di lampung tetapi dalam proses pemindaian 
2021-01-04 03:21:29,ayeeeeepp,ikea umum cawangannya di damansara ditutup mulai hari ini susulan beberapa kes positif covid dikesan dalam kalangan 
2021-01-04 03:21:29,niikfadhil,x guy ada mangsa banjir yang kematian ahli keluarga rosak kereta rumah perabot amp selainnya moga moga all h mempermudahkan u 
2021-01-04 03:21:11,IPNingrum,gamau iri cuman pengen cicip vaksin kayak apa yak rasanya
2021-01-04 03:21:09,ZahraPuspa,vaksin covid sinovac telah mulai didistribusikan oleh pt bio farma ke provinsi di indonesia sebanyak vaksin sud 
2021-01-04 03:21:07,aegirgis,bersediakah kamu untuk divaksin survei terakhir smrc menyebut hanya yang menyatakan bersedia kami beanya pada mas 
2021-01-04 03:21:02,wongsolo0904,tahun ini akan menjadi tahun yg berat bukan hanya tentang covid namun juga tentang rezim yg sudah berketetapan hati u 
2021-01-04 03:20:59,hartono_mulyadi,pelssy tea kasih contoh dong pejabatnya dulu disuntik vaksin siaran langsung di seluruh tv nasional semua proses harus jelas biar rakyat percaya 
2021-01-04 03:20:59,idtodayco,pdip akan gelar perayaan hut ke di tengah pandemi covid 
2021-01-04 03:20:58,HadiantoBroer,jwr seandainya yg terburuk adl penerima vaksin itu meninggal krn vaksin yg belum jelas pembuktiannya bgm jadi pilihannya 
2021-01-04 03:20:58,anggguneno,perkenalkan saya muhammad rizky saputra seorang mahasiswa fakultas psikologi saya melakukan penelitian berkenaan tentang hubu 
2021-01-04 03:20:55,nadyaulvaaan,apa yang harus kita lakukan ketika orang terdekat positif covid sebagai orang terdekat kita bisa membantu mereka y 
2021-01-04 03:20:55,MrsBudiyana,repo membedah tweet akun kak selama wabah covid di tuk memahami respon pemerintah berikut t 
2021-01-04 03:20:54,ipoksamidub,ini ada anjuran dari bu dokter tenntang bagaimana hidup ditengah covid sepei sekarang 
2021-01-04 03:20:53,ArunikaSwastam1,pengiriman perdana vaksin covid ke propinsi di tanah air kemarin bersama atasi pandemi dan dukung program vaksinasi 
2021-01-04 03:20:52,RonefZone,siap divaksin peama tapi nik jokowi tidak terdaftar sebagai penerima vaksin bohong lagi 
2021-01-04 03:20:51,KodimBantul,pundong putus penyebaran covid babinsa kalurahan srihardono serda marsono anggota koramil pundong jajaran kodim bantul bersama forum pengurangan risiko bencana fprb melaksanakan himbauan dan membagikan masker yang dilaksanakan dipasar pundong kalurahan srihardono 
2021-01-04 03:20:50,IBTimesID,lipi jihad kemanusiaan muhammadiyah selama pandemi covid telah melakukan berbagai aksi nyata membantu peme 
2021-01-04 03:20:49,Humaspolseksen5,ayo patuhi protokol kesehatan kita cegah penyebaran virus covid bersama 
2021-01-04 03:20:42,vanderluciosz,oms chega em wuhan para investigar origens da covid 
2021-01-04 03:20:42,PerlisPermai,kementerian kesihatan thailand meluluskan penggunaan herba untuk rawatan peringkat awal covid andrographis paniculata green chiretta atau hempedu bumi sudah diuji sebagai rawatan alternatif bagi mengurangkan kesan akibat virus ini selanjutnya 
2021-01-04 03:20:41,rainbowtable_,semoga kita semua sadar dan peduli rumah sakit memang bisa dibangun apd bisa dibeli vaksin bisa dicari tapi nyawa 
2021-01-04 03:20:39,SyaifulHarif,ppr batu muda kampung batu muda tambahan fokus penyampaian maklumat kempen putuskan rantaian covid pelaksanaa 
2021-01-04 03:20:39,soeltan,hari yang lalu pasien datang dengan keluhan demam batuk sesak dan diare dan hasil swab covid hari ini pasien s 
2021-01-04 03:20:34,r1sta,id terkait vaksin yang akan dijalankan peamakali kalau tidak salah sta januari berikut rekomendasi p 
2021-01-04 03:20:33,RasamSuheni,pagi pagi nemu berita ini bohong lagi siap divaksin peama tapi nik jkw tidak terdaftar sebagai penerima vaksin ru 
2021-01-04 03:20:31,mucovid19,lipi jihad kemanusiaan muhammadiyah selama pandemi covid telah melakukan berbagai aksi nyata membantu peme 
2021-01-04 03:20:31,Ekasuya2,vaksin covid sinovac telah mulai didistribusikan oleh pt bio farma ke provinsi di indonesia sebanyak vaksin sud 
2021-01-04 03:20:30,kak_imam,semoga teman terdekat amp keluarga yg terkonfirmasi positif covid lekas allah berikan kesembuhan 
2021-01-04 03:20:30,SyaifulHarif,fokus penyampaian maklumat kempen putuskan rantaian covid pelaksanaan perintah kawalan pergerakan bersyarat pkpb 
2021-01-04 03:20:29,EdwarFeggy,semoga kita semua sadar dan peduli rumah sakit memang bisa dibangun apd bisa dibeli vaksin bisa dicari tapi nyawa 
2021-01-04 03:20:29,CharlioMoerdadi,jkw jalan th batas sdh diatur dirubah jd th jg nggk jaminan itu vaksin asli pence pelosi dll tok 
2021-01-04 03:20:28,Anisdeswar4,netizen heboh nik jokowi tak masuk penerima vaksin tahap peama kompas tv yg setuju jokowi divaksin peama komen s 
2021-01-04 03:20:27,fanypus,perkenalkan saya muhammad rizky saputra seorang mahasiswa fakultas psikologi saya melakukan penelitian berkenaan tentang hubu 
2021-01-04 03:20:26,dino_oddiemanis,bohong lagi siap divaksin peama tapi nik jokowi tidak terdaftar sebagai penerima vaksin rubrik indonesia 
2021-01-04 03:20:21,soeltan,assalamu alaikum warahmatullahi wabarakatuh saya andi pembuat aplikasi al qur an indonesia ingin meminta do a para saha 
2021-01-04 03:20:20,Cahkuwut,kalau beritanya begini pasti banyak pria yg tidak sabar ingin segera disuntik vaksin covid efek untuk wanita katanya masi 
2021-01-04 03:20:20,prof_0kator,netizen heboh nik jokowi tak masuk penerima vaksin corona tahap peama 
2021-01-04 03:20:20,Aldisaptr,sebelum riuh ada berita yang menyatakan orang israel terinfeksi covid beberapa hari setelah divaksinasi pfize 
2021-01-04 03:20:19,_lesyeuxdetata,semoga kita semua sadar dan peduli rumah sakit memang bisa dibangun apd bisa dibeli vaksin bisa dicari tapi nyawa 
2021-01-04 03:20:18,MDMCIndonesia,lipi jihad kemanusiaan muhammadiyah selama pandemi covid telah melakukan berbagai aksi nyata membantu peme 
2021-01-04 03:20:17,SyaifulHarif,medan selera bandar sri permaisuri fokus penyampaian maklumat kempen putuskan rantaian covid pelaksanaan perint 
2021-01-04 03:20:16,jyaaakml,vaksin mengandungi aluminium 
2021-01-04 03:20:15,MonaPurnomo,pelssy saya gak mau di vaksin titik 
2021-01-04 03:20:15,NogoSosroAsli,biasakan membaca berita sampai selesai amp jgn terprovokasi judul berita ini menyampaikan broadcast wa ttg kandungan boraks 
2021-01-04 03:20:15,Siahaan_Boy,dpp fbbi berbagi sembako kepada para anggota terdampak covid 
2021-01-04 03:20:13,IPNingrum,gini mbaaaa x kamu akan mendapatkan vaksin intinya gitu tapi sepengetahuanku doi kerja buka salon tapi lulusan keperawatan se
2021-01-04 03:20:12,ermbintang,bohong lagi siap divaksin peama tapi nik jokowi tidak terdaftar sebagai penerima vaksin rubrik indonesia 
2021-01-04 03:20:12,idntimes,mulai dari dokter perawat hingga satpam rumah sakit 
2021-01-04 03:20:12,wantrbg,anda merupakan kes positif covid yang berada di rumah ikuti langkah pencegahan berikut bagi memutuskan rantaian jangkitan 
2021-01-04 04:51:39,theCasperzs,x guy ada mangsa banjir yang kematian ahli keluarga rosak kereta rumah perabot amp selainnya moga moga all h mempermudahkan u 
2021-01-04 04:51:38,NurAzisAbimanyu,dosis vaksin sinovac tiba di jateng senin vaksin itu akan segera disuntikkan kepda para tenaga kesehatan yg 
2021-01-04 04:51:34,sandysandiego76,berbicara di depan bos imf dan perwakilan pbb sri mulyani tak sungkan untuk menceritakan bagaimana menteri sosial jul 
2021-01-04 04:51:33,DoniIsw09265741,karimun bermasker polsek buru polres karimun melaksanakan sosialisasi perbup karimun no tahun dalam rangka penerapan protokol kesahatan kepda masyarakat guna mencegah penyebaran covid menuju adaptasi kebiasaan baru 
2021-01-04 04:51:32,AryatamaAditya,ib pelepasan vaksin covid ke provinsi dari bio farma bandung vaksin untuk nakes lawan pamdemi 
2021-01-04 04:51:30,yudhibaswara6,bersaing dengan kasus covid 
2021-01-04 04:51:30,adillawk1,netizen yg terhormat berikut adalah update layanan covid di rs universitas indonesia silakan di save retweet dan share 
2021-01-04 04:51:26,izzatsamem,anda merupakan kes positif covid yang berada di rumah ikuti langkah pencegahan berikut bagi memutuskan rantaian jangkitan 
2021-01-04 04:51:22,syaazaazainal,vaksin mengandungi aluminium 
2021-01-04 04:51:20,aarifimam,karena terkatung filipina nekad melakukan vaksinasi tanpa persetujuan dulu anggota kabinet filipina dan tentara filipina 
2021-01-04 04:51:17,aslandjie,mudah mudahan yang ini biofarma ada jawabannya data bulan post vaksin seharusnya sdh ada dan dipublish pending publish data malah bisa jadi fitnah baru turki dan brasil sudah publish hasil padahal lebih duluan di bandung uji klinisnya dibanding turki 
2021-01-04 04:51:16,minosyahmadi,harapan agar vaksin covid segera disuntikkan mulai mendekati kenyataan bio farma menyebut vaksin sinovac sudah mulai didi 
2021-01-04 04:51:14,aarifimam,tetapi kemudian filipina meminta vaksin dari sinopharm sinopharm bilang ada pilihan filipina lakukan uji klinis dulu dg 
2021-01-04 04:51:13,esulistyo2005,semoga covid segera pergi 
2021-01-04 04:51:11,CHAWNMA98,aku pernah di persekusi keluarga sendiri karena status hiv dan aku seorang gay sea kehilangan pekerjaan karena coivid 
2021-01-04 04:51:10,aarifimam,pengadaan vaksin di filipina terhambat karena sikap plin plan dari pejabat filipina di bulan mei sinopharm menawarkan fili 
2021-01-04 04:51:10,cfadilla,selamat pagi kalau kalian lagi nyari alesan untuk misuh misuh ini dia sebuah pengingat bhw vaksin oxford astrazeneca dili 
2021-01-04 04:51:05,sungaiselan,jagalah selalu kebersihan lingkungan untuk mencegah penyebaran covid lingkungan bersih jiwa pun sehat 
2021-01-04 04:51:05,abdulrzl__,tim unpad hasil uji vaksin sinovac diumumkan bpom januari 
2021-01-04 04:51:04,NdreAndreFir,jubir vaksin covid pt bio farma pastikan program vaksinasi covid berjalan baik 
2021-01-04 04:51:03,cgibali,titik balik yang menentukan untuk memperkuat pearungan yang penuh semangat pemberian persetujuan dcgi vaksin amp mempercepat jalan menuju negara yang lebih sehat dan bebas covid selamat india amp kepada para ilmuwan dan inovator pekerja keras kami 
2021-01-04 04:51:03,AzkaFalah,lipi jihad kemanusiaan muhammadiyah selama pandemi covid telah melakukan berbagai aksi nyata membantu peme 
2021-01-04 04:51:02,onenewsofficial,amerika syarikat catat lebih juta kes positif covid 
2021-01-04 04:51:01,Murdih4,hudhi apakah jlan nya cuma vaksin dok 
2021-01-04 04:50:59,AryatamaAditya,deje seremoni pelepasan pengiriman vaksin covid perdana ke provinsi pendistribusian vaksin akan dikontrol sistem digital 
2021-01-04 04:50:59,nurulsulistiaa,semoga kita semua sadar dan peduli rumah sakit memang bisa dibangun apd bisa dibeli vaksin bisa dicari tapi nyawa 
2021-01-04 04:50:59,nopekayaknya,sekali lagi vaksin tidak menyebabkan kita jadi sakit tapi vaksin tidak bisa menganulir transmisi infeksi yang sudah 
2021-01-04 04:50:58,Alief1Ba,blusukan risma di awal menjabat sebagai mensos dianggap membuang waktu saat penyaluran bansos covid masih banyak masalah 
2021-01-04 04:50:57,IndahPrihatin16,semoga kita semua sadar dan peduli rumah sakit memang bisa dibangun apd bisa dibeli vaksin bisa dicari tapi nyawa 
2021-01-04 04:50:56,anaklanangeibuk,kriting vaksin masih beberapa bulan lagi harus tetap jaga kesehatan ya salah satunya dengan tetap bahagia agar imun tubuh kuat 
2021-01-04 04:50:47,jawapos,anggota dpr bambang suryadi meninggal dunia akibat covid 
2021-01-04 04:50:41,Jhonnyjontor,bon two pelssy memaksakan kehendak atas nama the greater good yg mereka tentukan sendiri apapun alasannya mau darurat 
2021-01-04 04:50:39,arifnur,bentar tuntasin rekomendasi mccc utk vaksin dan muktamar ipm dulu 
2021-01-04 04:50:38,ssyakilanabila,saham sektor teknologi dan kesihatan akan terus menjadi industri yang menjadi tumpuan pada minggu ini 
2021-01-04 04:50:37,tiaraprtw_,kalau direview amp ditelaah untuk aku amp mas deka aktivitas tentang pekerjaan lah yg paling tinggi resiko terpapar covid dibanding liburan pekerjaan ngantor indoor urus angkringan mau gak mau ke pasar interaksi sama banyak orang 
2021-01-04 04:50:27,safwan7307,sekitar brickfields fokus penyampaian maklumat kempen putuskan rantaian covid pelaksanaan perintah kawalan perg 
2021-01-04 04:50:25,Abiem77,berbicara di depan bos imf dan perwakilan pbb sri mulyani tak sungkan untuk menceritakan bagaimana menteri sosial jul 
2021-01-04 04:50:25,AiseeNurul,apa yang harus kita lakukan ketika orang terdekat positif covid sebagai orang terdekat kita bisa membantu mereka y 
2021-01-04 04:50:25,dobbynuddin,vaksin covid selamat tiada kesan sampingan jangka panjang mosti 
2021-01-04 04:50:25,kevinmathovani,apa yang harus kita lakukan ketika orang terdekat positif covid sebagai orang terdekat kita bisa membantu mereka y 
2021-01-04 04:50:25,KajimSharibi,tapi positif covid tak patut lah kita anggap macam penjenayah bukan nya nampak virus tu kalau nampak faham lah
2021-01-04 04:50:24,ahmadpait,x guy ada mangsa banjir yang kematian ahli keluarga rosak kereta rumah perabot amp selainnya moga moga all h mempermudahkan u 
2021-01-04 04:50:22,polsektrucuk1,sayangi keluarga anda pakailah masker cegah penularan covid 
2021-01-04 04:50:20,ShyaReepah,indonesia menjadi berita di bbrp media dunia setelah memulai distribusi vaksin secara nasional perbedaan waktu antara dimu 
2021-01-04 04:50:20,galaxy_irdina,covid gelombang ketiga menyapa pks kembali tenat bagi sebarang persoalan anda boleh menghubungi irdina 
2021-01-04 04:50:19,Syamsud76579252,dari sejarahnya isu menolak vaksin memang bukan hal baru kita tahu itu tapi dari sejarah juga kita bisa melihat v 
2021-01-04 04:50:18,polisiid1,polsek karangpucung cilacap guna mencegah penyebaran virus covid dan keteiban penerapan prokes polsek karangpucung melaksanakan rutinitas razia masker kepada pengguna kendaraan masyarakat umum di wil karangpucung senin 
2021-01-04 04:50:16,mhmmd_jati,netizen yg terhormat berikut adalah update layanan covid di rs universitas indonesia silakan di save retweet dan share 
2021-01-04 04:50:16,PracknessH,xana wena utwisisa yini hi njhekanjhekisano lowu wunga kona mayelana na vaccine ya covid ke 
2021-01-04 04:50:15,joylinnae,juru bicara vaksin covid memastikan bahwa penerima peama vaksin yaitu presiden joko widodo 
2021-01-04 04:50:15,bilyud,bambang pastikan program vaksinasi covid berjalan dengan baik alhamdulillah 
2021-01-04 04:50:15,Vendra_Deje,seremoni pelepasan pengiriman vaksin covid perdana ke provinsi pendistribusian vaksin akan dikontrol sistem digital untuk untuk memastikan diterima oleh pihak yg tepat dalam tiap tahapan vaksinasi bersama lawan pandemi 
2021-01-04 04:50:10,safwan7307,fokus penyampaian maklumat kempen putuskan rantaian covid pelaksanaan perintah kawalan pergerakan bersyarat pkpb 
2021-01-04 04:50:08,JunaidinLatif,mengingat banyak berita tentang bahaya vaksin corona aku sekeluarga berhak menolak untuk di vaksin di jamin oleh uu kesehatan tahun pasal ayat 
2021-01-04 04:50:06,27_jelo,peresmian pengiriman perdana vaksin covid ke propinsi semoga semua berjalan lancar dan kesembuhan sea kekebalan untuk 
2021-01-04 04:50:05,aarifimam,lebih baik dibikin poster pengetahuan tentang apa saja yg diharapkan dari vaksin efek samping yg diharapkan dan juga dije 
2021-01-04 04:50:04,sonnino123,hoza shule zinakaribia kufunguliwa na jambo kumbwa ni maandalizi ikiwa ni pamoja na kuaanda fikra za watoto na wasiojiweza kujiki 
2021-01-04 04:50:04,astridlaurenza,netizen yg terhormat berikut adalah update layanan covid di rs universitas indonesia silakan di save retweet dan share 
2021-01-04 04:50:01,patih_selatan,siap siap di vaksin botol bakalan bengkak itu lengan kaya mr popeye 
2021-01-04 04:50:01,Hartnq1,berbicara di depan bos imf dan perwakilan pbb sri mulyani tak sungkan untuk menceritakan bagaimana menteri sosial jul 
2021-01-04 04:50:00,MegaIndah110,dalam kondisi kedaruratan dharurah sya iyah atau kebutuhan mendesak haajah sya iyah penggunaan human diploid cell 
2021-01-04 04:50:00,EmangEnakkk,hudhi apa sih untungnya edgy gini menghina genre musik laen yg lg viral menghina film menghina edukasi vaksin intinya yg main 
2021-01-04 04:49:58,yulidocusate,tim unpad hasil uji vaksin sinovac diumumkan bpom januari 
2021-01-04 04:49:58,haznidahhh,bincangkan pelajar matrikulasi kena tanggung risiko demi jawab pspm ftf covid bukan main la pihak hep 
2021-01-04 04:49:57,MegaIndah110,imam besar masjid istiqlal prof nasaruddin umar menuturkan tidak ada alasan masyarakat menolak vaksinasi co 
2021-01-04 04:49:57,UjKomar,fahnoor official semua syarat dan seketat apapun belum bisa sampai yang terlibat dalam lingkungan sekolah belum dapat vaksin karena presentase kedisplinan anak sangat rendah 
2021-01-04 04:49:53,irwan_cib,ingatkan sandiaga uno faisal basri jangan bicara pariwisata dulu sebelum covid dibereskan 
2021-01-04 04:49:53,KipobedaloeA,ez phlv makin curiga ada apa dgn vaksin ini 
2021-01-04 04:49:50,safwan7307,medan selera bandar sri permaisuri fokus penyampaian maklumat kempen putuskan rantaian covid pelaksanaan perint 
2021-01-04 04:49:49,voaislam,pemerintah sangat terbantu oleh peran massif muhammadiyah tangani covid 
2021-01-04 04:49:46,onenewsofficial,covid lebih juta kes positif seluruh dunia 
2021-01-04 04:49:42,NasionalisSiber,pembangunan jalan terus meski terhambat pandemi covid 
2021-01-04 04:49:41,_miaashrfdn,jepun baru sahaja menigisytiharkan darurat di tokyo dan kawasan berhampiran kerana peningkatan kes covid 
2021-01-04 04:49:34,nazirullahjufri,x guy ada mangsa banjir yang kematian ahli keluarga rosak kereta rumah perabot amp selainnya moga moga all h mempermudahkan u 
2021-01-04 04:49:33,harithnurhaq,pergerakan hari taburan kes mengikut daerah di malaysia dis hingga jan seluruh selangor da 
2021-01-04 04:49:32,NasionalisSiber,pembangunan jalan terus meski terhambat pandemi covid 
2021-01-04 04:49:31,jefriikrnwn,beredar pesan berantai yang menyebut vaksin covid sinovac mengandung jaringan kera hijau afrika bio farma membantah dan 
2021-01-04 04:49:30,Jaya_Ind,sebelum riuh ada berita yang menyatakan orang israel terinfeksi covid beberapa hari setelah divaksinasi pfize 
2021-01-04 04:49:26,KTY747,blusukan risma di awal menjabat sebagai mensos dianggap membuang waktu saat penyaluran bansos covid masih banyak masalah 
2021-01-04 04:49:24,voaislam,selain vaksin pemerintah juga harus pikirkan efektivitas kebijakan ekonomi 
2021-01-04 04:49:24,NasionalisSiber,pembangunan jalan terus meski terhambat pandemi covid 
2021-01-04 04:49:23,MsFirdaus5,wb mengerikan di amerika yang sudah di vaksin cacat seumur hidup ribu lebih orang video 
2021-01-04 04:49:22,RotiSelaiRoti,semoga kita semua sadar dan peduli rumah sakit memang bisa dibangun apd bisa dibeli vaksin bisa dicari tapi nyawa 
2021-01-04 04:49:22,BaeNapo,gubernur dki jakaa anies baswedan telah dinyatakan sembuh dari paparan covid dan mulai hari ini sudah kembali berdinas 
2021-01-04 04:49:20,Syahsribm,assalamu alaikum warahmatullahi wabarakatuh saya andi pembuat aplikasi al qur an indonesia ingin meminta do a para saha 
2021-01-04 04:49:19,bknmanusia2024,netizen yg terhormat berikut adalah update layanan covid di rs universitas indonesia silakan di save retweet dan share 
2021-01-04 04:49:19,Agussantoso1808,bohong lagi siap divaksin peama tapi nik jokowi tidak terdaftar sebagai penerima vaksin rubrik indonesia 
2021-01-04 04:49:16,safwan7307,fokus penyampaian maklumat kempen putuskan rantaian covid pelaksanaan perintah kawalan pergerakan bersyarat pkpb 
2021-01-04 04:49:16,NasionalisSiber,pembangunan jalan terus meski terhambat pandemi covid 
2021-01-04 04:49:15,astronautswhale,stein barusan saya buka aplikasi al qur an indonesia di android tiba tiba ada notifikasi begini kedua orang tua pembuat aplikasi 
2021-01-04 04:49:15,Fm98Sonora,sebanyak vaksin covid sinovac telah tiba di bandara sentani jayapura papua senin siang 
2021-01-04 04:49:15,AudiensJurnal,lipi jihad kemanusiaan muhammadiyah selama pandemi covid telah melakukan berbagai aksi nyata membantu peme 
2021-01-04 04:49:14,johantanto,semoga kita semua sadar dan peduli rumah sakit memang bisa dibangun apd bisa dibeli vaksin bisa dicari tapi nyawa 
2021-01-04 04:49:14,ArnandoFernando,ini ada anjuran dari bu dokter tenntang bagaimana hidup ditengah covid sepei sekarang 
2021-01-04 04:49:11,she_to_math,semoga kita semua sadar dan peduli rumah sakit memang bisa dibangun apd bisa dibeli vaksin bisa dicari tapi nyawa 
2021-01-04 04:49:10,Elmirakid,lubis gerakan nasioanal bina umkm dan wifi gratis juga adalah bagian dari instruksi ketum dalam kondisi 
2021-01-04 04:49:10,aarifimam,karena itulah bersyukurlah indonesia dapat vaksin sekali kirim sejuta lebih dosis di banyak negara vaksin pfizer didist 
2021-01-04 04:49:09,HarSastropawiro,semoga kita semua sadar dan peduli rumah sakit memang bisa dibangun apd bisa dibeli vaksin bisa dicari tapi nyawa 
2021-01-04 04:49:08,NasionalisSiber,pembangunan jalan terus meski terhambat pandemi covid 
2021-01-04 04:49:07,To6o6lu,netizen heboh nik jokowi tak masuk penerima vaksin tahap peama kompas tv yg setuju jokowi divaksin peama komen s 
2021-01-04 08:15:17,sopavel,pebulutangkis kevin sanjaya sukamuljo dinyatakan positif terinfeksi covid setelah menjalani tes pada kamis setela 
2021-01-04 08:15:17,calonkapitalis,bening isu vaksin dikasih microchip lu panik aplikasi smaphone minta access ke gps lu nomor di contact lu gallery lu phone c 
2021-01-04 08:15:14,republikaonline,vaksin covid jatah bali sudah dikirim lewat jalur darat dari bandung kemarin 
2021-01-04 08:15:14,yustika_dini,harga kedelai di pasar global melonjak drastis akibat tingginya permintaan selama pandemi virus corona covid hal itu pu 
2021-01-04 08:15:13,davitrwp,testimoni produk bp sembuh dari covid 
2021-01-04 08:15:13,DitjenAptika,siaran pers no hm kominfo tentang kominfo tegaskan aplikasi pedulilindungi aman untuk program vaksinasi covid 
2021-01-04 08:15:13,ar_ya_nee,selamat pagi kalau kalian lagi nyari alesan untuk misuh misuh ini dia sebuah pengingat bhw vaksin oxford astrazeneca dili 
2021-01-04 08:15:12,syafiqahmiswan,covid tak habis lagi ni dah banjir pulak allahu cepat sembuh malaysiaku 
2021-01-04 08:15:12,idntimes,diharapkan bisa tingkatkan perdagangan internal afrika 
2021-01-04 08:15:10,goenhpm,jelo dwi 
2021-01-04 08:15:08,indraephe,apa yang harus kita lakukan ketika orang terdekat positif covid sebagai orang terdekat kita bisa membantu mereka y 
2021-01-04 08:15:07,Eko_Esperigas,repo membedah tweet akun kak selama wabah covid di tuk memahami respon pemerintah berikut t 
2021-01-04 08:15:07,DivHumas_Polri,di masa pandemi ini test swab tiap kali kamu tidak merasa enak badan merupakan salah satu langkah preventif oleh karena itu kamu gak perlu merasa takut yaaa dengan melakukan test swab kita akan tahu kondisi kesehatan kita dan meminimalisir penyebaran covid 
2021-01-04 08:15:05,bagusreza,sebagai penyintas covid ini sih yg mendasar elo butuh kalo ada gejala alat oxymeter amp thermometer konsumsi vitamin c 
2021-01-04 08:15:05,rozali53,penilaian pengesanan kontak rapat adalah berdasarkan tempoh pendedahan jarak semasa beemu pemakaian pelitup mu 
2021-01-04 08:15:03,jawapos,diangkut truk vaksin covid tiba di bali diperkirakan tengah malam 
2021-01-04 08:15:03,belenistah,fadzil nama kael daging tak boleh dedah harga vaksin tak boleh dedah pampasan hsr tak boleh dedah
2021-01-04 08:15:00,kucinggary,fadzil nama kael daging tak boleh dedah harga vaksin tak boleh dedah pampasan hsr tak boleh dedah
2021-01-04 08:15:00,RadioSmartFM,pemerintah akan melaksanakan program vaksinasi covid dalam waktu dekat kendati demikian presiden joko widodo berharap masyarakat tetap disiplin menjalankan protokol kesehatan pencegahan covid 
2021-01-04 08:15:00,AnadoluAgencyID,pasien covid yang sembuh di indonesia beambah menjadi orang
2021-01-04 08:14:56,Ria_6690,hi electrizen sekarang untuk cek token listrik gratis program stimulus covid jadi makin mudah dengan pln mobile simak ca 
2021-01-04 08:14:56,Humastrobkskota,himbauan bhabinkamtibmas kel margahayu polsek bekasi timur aiptu sugeng rudianto melakukan himbauan kepada komunitas keamanan perumahan villa taman kaini rw kel margahayu agar tetap mengikuti prokes agar terhindar dari virus covid dan melaksanakan m sea memakai 
2021-01-04 08:14:54,ahmadsaeful13,moerdijat pengalaman harus menjadi pembelajaran bagi kita perbaikan tata kelola penanganan pengendalian covid dengan a 
2021-01-04 08:14:52,InfoCOVID19_id,informasi kasus covid terbaru positif sembuh meninggal sumber 
2021-01-04 08:14:52,Pluviop27210733,di tengah covid bpjs tetap naik pemerintah kembali menaikan iuran bpjs mulai januari ada kenaikan iuran bpjs k 
2021-01-04 08:14:51,drfrank009,beberapa sampel suku cadang mobil telah dites positif terinfeksi virus corona baru covid di berbagai wilayah di cina 
2021-01-04 08:14:49,waktufajar808,bohong lagi siap divaksin peama tapi nik jokowi tidak terdaftar sebagai penerima vaksin rubrik indonesia 
2021-01-04 08:14:48,unedo18,dapat video informasi mengharukan dari pasien covid di wisma atlet tentang kerja keras para tenaga kesehatan ayo kita ba 
2021-01-04 08:14:47,libraryUT,dgn pemberlakuan kembali work from home wfh bg seluruh pegawai universitas terbuka sbg salah satu upaya pencegahan peny 
2021-01-04 08:14:45,budi_kuntarto,presiden jokowi mengatakan dirinya siap menjadi orang peama yang akan disuntik vaksin covid 
2021-01-04 08:14:45,roon3651,rusli obat anti covid alhamdullilah sehat sampai sekarang sebenarnya saya gak butuh vaccine covid biar kalian sajalah 
2021-01-04 08:14:44,aldintiowendhi,pebulutangkis kevin sanjaya sukamuljo dinyatakan positif terinfeksi covid setelah menjalani tes pada kamis setela 
2021-01-04 08:14:44,nana040461,karena netizen kepo jubir kelabakan 
2021-01-04 08:14:43,sarahghzl,kes positif ong tai kim gombak sebentar tadi fb pasaraya ong tai kim mengesahkan seorang pekerja mereka di gombak positif 
2021-01-04 08:14:41,Christellerehem,mu kiciro kibanza cy amashuri abanza n ay incuke bige ku wa mbere no ku wa kabiri 
2021-01-04 08:14:40,reportaseSMR,waw dosis vaksin covid tiba di tanjung selor kaltara pada selasa januari 
2021-01-04 08:14:40,trisha_laksono,gues pelajari dan resapi ya trus kita daftar atau apalah kita vaksin bersama 
2021-01-04 08:14:39,xunluv68113,iya trus nolak vaksin juga
2021-01-04 08:14:39,aidaadenann,anda kes positif yang berada di rumah patuhi langkah langkah ini bagi memutuskan rantaian jangkitan covid 
2021-01-04 08:14:37,unedo18,sejak mendapatkan informasi bahwa di lingkungan kerja dprd dki jakaa banyak yang terpapar virus korona covid sepe 
2021-01-04 08:14:35,sama_tangan_gue,emang pada dasarnya vaksin ini mencurigakan 
2021-01-04 08:14:35,fadhliciousss,hari yang lalu pasien datang dengan keluhan demam batuk sesak dan diare dan hasil swab covid hari ini pasien s 
2021-01-04 08:14:31,zulfekar72,akibat menghadkan jumlah berjemaah surau amp masjid kekurangan dana utk belanja operasi tabung dipingahkan ke luar pagar ustaz pula kehilangan pendapatan mengajar kuliah subuh amp maghrib rumah allah sepi full kapasiti je lah vaksin pon nak spai dah 
2021-01-04 08:14:30,CNNIndonesia,beambah kasus positif covid jadi orang 
2021-01-04 08:14:30,AlYippies,kevin sanjaya dinyatakan positif covid dan batal mengikuti turnamen di thailand 
2021-01-04 08:14:29,BKNgoid,berbagai rintangan di tengah pandemi covid tidak menghalangi kita untuk tetap berkarya di sepanjang tahun berikut kami sampaikan catatan kecil kilas balik kinerja bkn selama tahun 
2021-01-04 08:14:28,ZoneVenomWar,dapat video informasi mengharukan dari pasien covid di wisma atlet tentang kerja keras para tenaga kesehatan ayo kita ba 
2021-01-04 08:14:24,chocomarble_,iyaa minions absen soalnya kevin positif covid 
2021-01-04 08:14:24,haikamilia_,kevin sanjaya soekamuljo positif covid sejak tengah desember lalu kevin merasa sudah tak bisa mencium bau makan set 
2021-01-04 08:14:24,AnadoluAgencyID,indonesia laporkan kasus baru covid pada senin total kasus menjadi orang
2021-01-04 08:14:24,bbc_pn,larry king disahkan positif covid pn 
2021-01-04 08:14:24,fadhliciousss,semoga kita semua sadar dan peduli rumah sakit memang bisa dibangun apd bisa dibeli vaksin bisa dicari tapi nyawa 
2021-01-04 08:14:22,_dendyk_,sebagai penyintas covid ini sih yg mendasar elo butuh kalo ada gejala alat oxymeter amp thermometer konsumsi vitamin c 
2021-01-04 08:14:20,PakYobKayuh,fadzil nama kael daging tak boleh dedah harga vaksin tak boleh dedah pampasan hsr tak boleh dedah
2021-01-04 08:14:18,HussainiAmran,larry king disahkan positif covid pn 
2021-01-04 08:14:15,MahwishAbbasi13,ek hota hai manhus fir aata hai best friend ka ex fir aate hai fir aata hai covid fir aati hai meri qisamt 
2021-01-04 08:14:13,ahmadibbbb,mukaddimah covid banjir
2021-01-04 08:14:13,luthordi,vaksin mengandungi aluminium 
2021-01-04 08:14:13,BabeMude,dalam hari ini peningkatan kasus covid di subang mulai meredup 
2021-01-04 08:14:12,Mr_Ackrowi,dia gak bohong kok karena nik yg masuk daftar vaksin itu untuk rakyat beliau jalur khusus yg gak didata beliau itu presiden bukan rakyat d barangkali gitu khusnudzon aja 
2021-01-04 08:14:12,Jeffrie_rhs,dwi warga arab saudi tidak mempeanyakan halal tidaknya vaksin covid bahkan mereka sudah mulai melakukan vaksinasi 
2021-01-04 08:14:12,tribunnews,kevin sanjaya positif covid alami gejala lidah hambar dan tak bisa mencium bau 
2021-01-04 08:14:11,IskandarMocht16,tragedi kemanusiaan terjadi di mesir seluruh pasien di icu covid alhusainiyah central hospital meninggal karena oksi 
2021-01-04 08:14:10,ilysmchangkyun,kevin sanjaya sukamuljo marcus fernaldi gideon harus mundur dari tiga turnamen di thailand hal ini dikarenakan hasil tes 
2021-01-04 08:14:10,Cinta_NKRI10,dengan adanya vaksin semoga membuat umkm juga pulih 
2021-01-04 08:14:08,nitaoktarinaa,pebulutangkis kevin sanjaya sukamuljo dinyatakan positif terinfeksi covid setelah menjalani tes pada kamis setela 
2021-01-04 08:14:08,ekoyuniarto,siap divaksin peama tapi nik jokowi tidak terdaftar sebagai penerima vaksin bohong lagi 
2021-01-04 08:14:07,nor_azahar,anda duduk serumah dengan kes positif ini langkah langkah yang anda perlu lakukan 
2021-01-04 08:14:02,nydavellir,anda duduk serumah dengan kes positif ini langkah langkah yang anda perlu lakukan 
2021-01-04 08:14:01,ItsSelena99,kevin sanjaya sukamuljo marcus fernaldi gideon harus mundur dari tiga turnamen di thailand hal ini dikarenakan hasil tes 
2021-01-04 08:14:00,wwihyangsa,didu mohon doa teman semua adik saya ir h m suaib didu mm sdg dirawat di icu salah satu rs jakaa krn terjangkir covid 
2021-01-04 08:13:59,nameanebi,kevin sanjaya sukamuljo marcus fernaldi gideon harus mundur dari tiga turnamen di thailand hal ini dikarenakan hasil tes 
2021-01-04 08:13:59,dbarepos,ri 
2021-01-04 08:13:58,sihujan_,kevin sanjaya sukamuljo marcus fernaldi gideon harus mundur dari tiga turnamen di thailand hal ini dikarenakan hasil tes 
2021-01-04 08:13:58,Berkahmang,bohong lagi siap divaksin peama tapi nik jokowi tidak terdaftar sebagai penerima vaksin rubrik indonesia 
2021-01-04 08:13:57,Dewirrrahma,kevin sanjaya sukamuljo marcus fernaldi gideon harus mundur dari tiga turnamen di thailand hal ini dikarenakan hasil tes 
2021-01-04 08:13:55,H1dden_Sh4d0w,bening isu vaksin dikasih microchip lu panik aplikasi smaphone minta access ke gps lu nomor di contact lu gallery lu phone c 
2021-01-04 08:13:55,yu_ka_ri90,pebulutangkis kevin sanjaya sukamuljo dinyatakan positif terinfeksi covid setelah menjalani tes pada kamis setela 
2021-01-04 08:13:53,hekahert,saat ini kondisi penyebaran virus di jakaa masih sangat tinggi sehingga sangat berisiko apabila dilakukan sekolah tatap muka 
2021-01-04 08:13:49,hazwan_jauhari,fadzil nama kael daging tak boleh dedah harga vaksin tak boleh dedah pampasan hsr tak boleh dedah
2021-01-04 08:13:47,Ygtautauaja_,kementerian kesehatan memastikan bahwa jokowi akan menjadi orang peama yang akan disuntik vaksin covid 
2021-01-04 08:13:45,MarinaYusoff,anda duduk serumah dengan kes positif ini langkah langkah yang anda perlu lakukan 
2021-01-04 08:13:44,rief_ww_apg,id butuh waktu sekitar bulan untuk pelaksanaan vaksinasi covid terhitung dari januari hingga maret untu 
2021-01-04 08:13:43,Stronginheart99,my admin saya juga ingin mengingatkan pemaju amp semua profesional yg berkaitan perlu lebih kompeten dlm mematuhi kehendak pe 
2021-01-04 08:13:39,skyaurore,pebulutangkis kevin sanjaya sukamuljo dinyatakan positif terinfeksi covid setelah menjalani tes pada kamis setela 
2021-01-04 08:13:38,Winezzaa,sebagai penyintas covid ini sih yg mendasar elo butuh kalo ada gejala alat oxymeter amp thermometer konsumsi vitamin c 
2021-01-04 08:13:38,Seblaknyoy,sebagai penyintas covid ini sih yg mendasar elo butuh kalo ada gejala alat oxymeter amp thermometer konsumsi vitamin c 
2021-01-04 08:13:37,AGobedt,bengek ikan n awas kena covid atiati sayang
2021-01-04 08:13:37,lakiabiez,ez phlv makin curiga ada apa dgn vaksin ini 
2021-01-04 08:13:32,apelsagwa,kevin sanjaya soekamuljo positif covid sejak tengah desember lalu kevin merasa sudah tak bisa mencium bau makan set 
2021-01-04 08:13:30,akmalarif90,pembukaan semula sesi persekolahan pada januari ini perlu mengambil kira situasi penularan covid setempat 
2021-01-04 08:13:30,Cinta_NKRI10,ini kata ketua pbnu soal penggunaan vaksin krn keadaan darurat 
2021-01-04 08:13:28,ahmadsaniaman,fadzil nama kael daging tak boleh dedah harga vaksin tak boleh dedah pampasan hsr tak boleh dedah
2021-01-04 08:13:28,Mas2Reborn,apakah kaesang sebut nama emitennya bro apa emiten tsb distributor vaksin 
2021-01-04 08:13:27,nuridahayat1221,didu mohon doa teman semua adik saya ir h m suaib didu mm sdg dirawat di icu salah satu rs jakaa krn terjangkir covid 
2021-01-04 08:13:26,ssufana,berbicara di depan bos imf dan perwakilan pbb sri mulyani tak sungkan untuk menceritakan bagaimana menteri sosial jul 
2021-01-04 08:13:24,tempodotco,beberapa sampel suku cadang mobil telah dites positif terinfeksi virus corona baru covid di berbagai wilayah di cina 
2021-01-04 08:13:24,willywonkabo,musim covid ni nk tukar tempat kerja pulak bajang btl korang dok hq tu tau pulak nk duduk family tak tukar duduk situ sampai repot kanina lu org fikir kita tak ada family ka jgn bg org susah la tau lu komunis punya keturunan 
2021-01-04 08:13:24,AWardana79,didu mohon doa teman semua adik saya ir h m suaib didu mm sdg dirawat di icu salah satu rs jakaa krn terjangkir covid 
2021-01-04 08:13:17,bouganvilecious,tenaga medis yang sudah pernah terpapar dan sembuh dari covid membentuk anti bodi atau kekebalan dengan alami sehingga t 
2021-01-04 08:28:34,alchiyo,dikasih vaksin covid bagi nakes trus ada ketetapan baru untuk surat tanda ijin registrasi bagi nakes di masa pandemik hurayy beban pikiran beambah awal tahun ini dahlah mau sekolah lagi aja 
2021-01-04 08:28:31,Patjoek,semoga kita semua sadar dan peduli rumah sakit memang bisa dibangun apd bisa dibeli vaksin bisa dicari tapi nyawa 
2021-01-04 08:28:31,Safa33393089,jelo dwi 
2021-01-04 08:28:30,PRengasdengklok,sambang bhabinkamtibmas desa kemiri kec jayakea kab karawang aipda muryadi polsek rengasdengklok kepada aparat desa nya himbauan agar tetap mematuhi protokol kesehatan dalam melayani masyarakat supaya terhindar penyebaran covid dengan m 
2021-01-04 08:28:29,wopsiesss,kevin sanjaya soekamuljo positif covid sejak tengah desember lalu kevin merasa sudah tak bisa mencium bau makan set 
2021-01-04 08:28:28,Pipelpawer165,rapid pcr rapid antigen vaksin cuan
2021-01-04 08:28:28,PrijaRabbani_,siap divaksin peama tapi nik jokowi tidak terdaftar sebagai penerima vaksin bohong lagi 
2021-01-04 08:28:27,FARHAN99603216,harapan tahun semoga semua program dan kebijakan pemerintah berjalan lancar baik itu tentang pemberantasan covid vaksinasi pemulihan ekonomi maupun pemberantasan radikal dan intoleran di negeri ini 
2021-01-04 08:28:26,iyozikhlauma,indonesia update infografis percepatan penanganan covid di indonesia per tanggal januari pukul wib 
2021-01-04 08:28:25,Herrreza,kasus positif beambah orang per senin total ada orang di indonesia yan 
2021-01-04 08:28:25,FransiskaDC,kevin sanjaya sukamuljo marcus fernaldi gideon harus mundur dari tiga turnamen di thailand hal ini dikarenakan hasil tes 
2021-01-04 08:28:25,NewsFeedKL,baru pulang bercuti di langkawi harris anuar disahkan positif covid berita sepenuhnya di beautifulnara
2021-01-04 08:28:24,AzizFadhillah,di manakah para petinggi amp agen world bank dan who merayakan malam tahun baru di balik senyapnya malam pergantian 
2021-01-04 08:28:24,ilyaqien,fadzil nama kael daging tak boleh dedah harga vaksin tak boleh dedah pampasan hsr tak boleh dedah
2021-01-04 08:28:23,Pipelpawer165,baraja arahnya akan begitu mau naik pesawat kereta api harus menunjukkan seifikat vaksin dongoknya udah menu 
2021-01-04 08:28:22,murianewscom,mui jateng usul kiai jadi penerima vaksin covid tahap peama ganjar wah ini bagus 
2021-01-04 08:28:20,KidhungKinanthi,sebagai penyintas covid ini sih yg mendasar elo butuh kalo ada gejala alat oxymeter amp thermometer konsumsi vitamin c 
2021-01-04 08:28:19,Radar_Cirebon,jakaa pebulu tangkis kevin sanjaya sukamuljo positif covid dengan demikian kevin batal terbang ke bangkok thailand untuk mengikuti tiga turnamen bwf 
2021-01-04 08:28:18,IvanHermwan,semoga kita semua sadar dan peduli rumah sakit memang bisa dibangun apd bisa dibeli vaksin bisa dicari tapi nyawa 
2021-01-04 08:28:16,nickyrp__,netizen yg terhormat berikut adalah update layanan covid di rs universitas indonesia silakan di save retweet dan share 
2021-01-04 08:28:16,AdvisorPFI,alhamdulillah semoga kehadiran vaksin ni memberi manfaat kepada rakyat dan negara 
2021-01-04 08:28:14,arnold5508,indonesia perjalanan pandemi covid hari ke dan sebaran berdasarkan provinsi status januari sulit untuk menilai pengendaliannya 
2021-01-04 08:28:11,bumbuchiki00,efek samping vaksin covid yang akan dirasakan 
2021-01-04 08:28:11,stiawan1979,netizen heboh nik jokowi tak masuk penerima vaksin corona tahap peama follow 
2021-01-04 08:28:11,CNNIndonesia,kasus positif beambah orang per senin total ada orang di indonesia yang terpapar selengkapnya 
2021-01-04 08:28:11,agnesdwiash,sekali lagi vaksin tidak menyebabkan kita jadi sakit tapi vaksin tidak bisa menganulir transmisi infeksi yang sudah 
2021-01-04 08:28:11,Pipelpawer165,lawan bangun jaringan musisi amp pecinta konser tanpa vaksin ribuan musisi dan jutaan pecinta konser di indonesia ma 
2021-01-04 08:28:09,mas_lambemu,apa yang harus kita lakukan ketika orang terdekat positif covid sebagai orang terdekat kita bisa membantu mereka y 
2021-01-04 08:28:09,Arifsafwan_11,penting untuk dijelaskan vaksin yang kita beli sudah melalui ujian yang melibatkan puluhan ribu orang diluar negara extensiv 
2021-01-04 08:28:09,HarianTopSkor,terpapar covid kevin sanjaya batal berangkat ke bangkok 
2021-01-04 08:28:06,thevocket,harris annuar maklumkan dirinya positif covid minta kontak rapat jalani saringan 
2021-01-04 08:28:06,AisyPakne,menkes butuh tahun untuk vaksinasi covid semua warga 
2021-01-04 08:28:05,FARHAN99603216,harapan tahun semoga semua program dan kebijakan pemerintah berjalan lancar baik itu tentang pemberantasan covid vaksinasi pemulihan ekonomi maupun pemberantasan radikal dan intoleran di negeri ini 
2021-01-04 08:28:04,majuterus___,bohong lagi siap divaksin peama tapi nik jokowi tidak terdaftar sebagai penerima vaksin rubrik indonesia 
2021-01-04 08:28:02,tyahnrdn,maasyaallah lengkawi kawan hantar foto ini semoga semua menjaga sop jika tidak kita akan hadapi masaalah besar dari lonjak 
2021-01-04 08:28:02,ataJKT48,kevin sanjaya sukamuljo marcus fernaldi gideon harus mundur dari tiga turnamen di thailand hal ini dikarenakan hasil tes 
2021-01-04 08:28:02,barettanews,kodim sragen koramil karangmalang tegakkan prokes covid 
2021-01-04 08:28:02,itszyty,perdana menteri jepun yoshihide suga pada isnin berkata kerajaan merancang mengisytiharkan darurat di tokyo dan tig 
2021-01-04 08:28:02,Pipelpawer165,fokus konser online yg penghasilannya sangat rendah dan lama kelamaan lu akan crashing down juga dan menyerah utk di 
2021-01-04 08:28:00,davitttts,polri di masa pandemi ini test swab tiap kali kamu tidak merasa enak badan merupakan salah satu langkah preventif oleh kare 
2021-01-04 08:28:00,desmonebenezer2,untuk yang masih tidak percaya dengan adanya covid setidaknya lihatlah pada video ini bagaimana kerja keras mereka merawat 
2021-01-04 08:28:00,fadhil_yaakob,fadzil nama kael daging tak boleh dedah harga vaksin tak boleh dedah pampasan hsr tak boleh dedah
2021-01-04 08:27:59,Bolalob,kevin sanjaya positif covid indonesia ke thailand tanpa ganda putra terbaiknya 
2021-01-04 08:27:59,strobaeries,kevin sanjaya sukamuljo marcus fernaldi gideon harus mundur dari tiga turnamen di thailand hal ini dikarenakan hasil tes 
2021-01-04 08:27:52,Pipelpawer165,rela divaksin agar bisa normal kembali meski who sendiri menyatakan vaksin tidak menjamin dunia bisa kembali normal 
2021-01-04 08:27:50,cnewsbanten,besok vaksin covid datang di banten 
2021-01-04 08:27:49,ZhafGunners,x guy ada mangsa banjir yang kematian ahli keluarga rosak kereta rumah perabot amp selainnya moga moga all h mempermudahkan u 
2021-01-04 08:27:49,koro_wardhana,indonesia update infografis percepatan penanganan covid di indonesia per tanggal januari pukul wib 
2021-01-04 08:27:49,FARHAN99603216,harapan tahun semoga semua program dan kebijakan pemerintah berjalan lancar baik itu tentang pemberantasan covid vaksinasi pemulihan ekonomi maupun pemberantasan radikal dan intoleran di negeri ini 
2021-01-04 08:27:49,Fayalet,bening isu vaksin dikasih microchip lu panik aplikasi smaphone minta access ke gps lu nomor di contact lu gallery lu phone c 
2021-01-04 08:27:49,FreeNajib2018,pelabur tak singgah pun 
2021-01-04 08:27:48,pwettywin,guys aku minta bantuan kalian ya aku iya salah satu mahasiswa di universitas negeri di pulau sumatera sekarang udah se 
2021-01-04 08:27:47,jakartadanish,didu mohon doa teman semua adik saya ir h m suaib didu mm sdg dirawat di icu salah satu rs jakaa krn terjangkir covid 
2021-01-04 08:27:46,leahkim1126,indonesia mencatat kasus baru positif covid dalam sehari sekarang ada total kasus di seluruh indones 
2021-01-04 08:27:44,panturapost,dosis vaksin sinovac tiba di jateng segera disuntikkan ke tenaga kesehatan 
2021-01-04 08:27:44,Dikyasapolress1,jangan ragu buat test swab jaga kesehatanmu dan lindungi orang sekitarmu 
2021-01-04 08:27:44,moanluz,kevin sanjaya sukamuljo marcus fernaldi gideon harus mundur dari tiga turnamen di thailand hal ini dikarenakan hasil tes 
2021-01-04 08:27:44,republikaonline,kpk panggil staf tiga pilar agro utama sebagai saksi untuk kasus suap bansos covid 
2021-01-04 08:27:39,sandysandiego76,pagi pagi nemu berita ini bohong lagi siap divaksin peama tapi nik jkw tidak terdaftar sebagai penerima vaksin ru 
2021-01-04 08:27:38,rahmahhaha,kevin sanjaya sukamuljo marcus fernaldi gideon harus mundur dari tiga turnamen di thailand hal ini dikarenakan hasil tes 
2021-01-04 08:27:36,winhansa,tragedi kemanusiaan terjadi di mesir seluruh pasien di icu covid alhusainiyah central hospital meninggal karena oksi 
2021-01-04 08:27:36,FtriJr,fadzil nama kael daging tak boleh dedah harga vaksin tak boleh dedah pampasan hsr tak boleh dedah
2021-01-04 08:27:36,susay_n,sebagai penyintas covid ini sih yg mendasar elo butuh kalo ada gejala alat oxymeter amp thermometer konsumsi vitamin c 
2021-01-04 08:27:31,LoVeMaTa,pemerintah kembali memberikan bansos reguler dan khusus terkait covid berikut cara cek bansos yang mulai cair pada januari 
2021-01-04 08:27:30,FARHAN99603216,harapan tahun semoga semua program dan kebijakan pemerintah berjalan lancar baik itu tentang pemberantasan covid vaksinasi pemulihan ekonomi maupun pemberantasan radikal dan intoleran di negeri ini 
2021-01-04 08:27:27,_shadare,vaksin covid fasa peama akan mula diagih dan disuntik kepada kira kira satu juta rakyat negara ini bermula bulan dep 
2021-01-04 08:27:27,_andy_ch,ntar gw cek sama mami gw dapetnya berapa 
2021-01-04 08:27:26,krisnatsu,indonesia mengumumkan kasus baru tgl jan total kasus aktif sembuh 
2021-01-04 08:27:26,tiiqute08,pemerintah diminta segera rilis hasil uji klinis vaksin sinovac 
2021-01-04 08:27:25,RichFM39517086,indonesia update data uji pcr covid di indonesia per tanggal januari pukul wib 
2021-01-04 08:27:22,RichFM39517086,indonesia update infografis percepatan penanganan covid di indonesia per tanggal januari pukul wib 
2021-01-04 08:27:22,tantra_rifai,kevin sanjaya sukamuljo marcus fernaldi gideon harus mundur dari tiga turnamen di thailand hal ini dikarenakan hasil tes 
2021-01-04 08:27:19,nrhzlinda,kepada yang takut vaksin saya cadangkan anda tengok video ini penerangan sangat mantap and sesiapa yg nk cari details pasal org mati sbb vaccine covid ni sila tgk penerangan ni jawapan yg anda nak kepada theory kat luar tu semua ada dalam ni 
2021-01-04 08:27:19,liputan4com,sebanyak vaksin siap digunakan di sulsel 
2021-01-04 08:27:19,Novidwiaa,rionny mainaky on kevin sanjaya s covid case tim bulutangkis indonesia tetap berangkat untuk mengikuti tiga kejuaraa 
2021-01-04 08:27:19,Andi00583950,didu mohon doa teman semua adik saya ir h m suaib didu mm sdg dirawat di icu salah satu rs jakaa krn terjangkir covid 
2021-01-04 08:27:18,raranng_,kevin sanjaya sukamuljo marcus fernaldi gideon harus mundur dari tiga turnamen di thailand hal ini dikarenakan hasil tes 
2021-01-04 08:27:17,queenbabuu,kevin sanjaya sukamuljo marcus fernaldi gideon harus mundur dari tiga turnamen di thailand hal ini dikarenakan hasil tes 
2021-01-04 08:27:17,EXOLBESTAREA,kevin sanjaya sukamuljo marcus fernaldi gideon harus mundur dari tiga turnamen di thailand hal ini dikarenakan hasil tes 
2021-01-04 08:27:17,ikram_kamil,fadzil nama kael daging tak boleh dedah harga vaksin tak boleh dedah pampasan hsr tak boleh dedah
2021-01-04 08:27:17,izsadeen,takotnya vaksin manatau ada robot nano ke time dia suntik taknak jadi prophet dalam crysis 
2021-01-04 08:27:17,NewsFeedKL,harris annuar maklumkan dirinya positif covid minta kontak rapat jalani saringan berita sepenuhnya di thevocket
2021-01-04 08:27:17,newPENAWANGAN,jangan ragu buat test swab jaga kesehatanmu dan lindungi orang sekitarmu di masa pandemi sepei ini melakukan test swab tiap kali kamu tidak merasa enak badan merupakan salah satu langkah preventif agar tidak terkena covid oleh karena itu kamu gak perlu merasa takut yaa 
2021-01-04 08:27:16,tikastut,sebagai penyintas covid ini sih yg mendasar elo butuh kalo ada gejala alat oxymeter amp thermometer konsumsi vitamin c 
2021-01-04 08:27:15,herilatief,orang sedunia mengharapkan vaksin anti corona bisa menjinakkan penyakit menular yang ganas itu vaksinasi berhasil demikian harapan kita orang sadar bahwa penyakit itu harus diobati 
2021-01-04 08:27:15,FARHAN99603216,harapan tahun semoga semua program dan kebijakan pemerintah berjalan lancar baik itu tentang pemberantasan covid vaksinasi pemulihan ekonomi maupun pemberantasan radikal dan intoleran di negeri ini 
2021-01-04 08:27:14,dincheu,kevin sanjaya sukamuljo marcus fernaldi gideon harus mundur dari tiga turnamen di thailand hal ini dikarenakan hasil tes 
2021-01-04 08:27:12,anugroho0211,sorry to say tapi sepeinya sebelum mei juga kita bisa nembus jt kalau ibarat covid ini rumput liar kita cuma motong rumput atasnya doang nggak dicabut sampe akarnya pasti bakal tumbuh lagi terus 
2021-01-04 08:27:11,detikHealth,dki jakaa menjadi provinsi penambahan kasus covid teinggi sebanyak kasus disusul jabar dengan kasus dan jateng dengan kasus 
2021-01-04 08:27:11,detikcom,saat covid masih menyerang muncul penyakit baru yang disebut disease x untuk mencegahnya menjadi pandemi baru berikut saran dari pakar epidemiologi via 
2021-01-04 08:27:09,WPa5nan,rusli dok sus nakes gak usah gugup dengan kiriman sms cinta masih ada jalan untuk saling bantulah bikin surat keterangan buat 
2021-01-04 08:27:08,ElzaNursanty,didu mohon doa teman semua adik saya ir h m suaib didu mm sdg dirawat di icu salah satu rs jakaa krn terjangkir covid 
2021-01-04 08:27:07,tiiqute08,heboh nik jokowi tak terdaftar penerima vaksin covid 
2021-01-04 08:27:06,DanielHumbe1,sawa jembe letu tunakusubiria hapahapa ufukweni ili tukusikilize na usisahau kutukumbusha msimamo wetu wa chama juu ya covid bi kidude 
2021-01-04 08:27:02,kompascom,pemerintah mencatat ada orang suspek terkait covid di indonesia pada senin pukul wib 
2021-01-04 08:27:02,Wex_58,didu mohon doa teman semua adik saya ir h m suaib didu mm sdg dirawat di icu salah satu rs jakaa krn terjangkir covid 
2021-01-04 08:27:02,fa_fave,lalu last but not least ada satu obat namanya heparin heparin ini adalah obat pembekuan darah yang sejak lama terbu 
2021-01-04 08:27:00,kompascom,johnny menilai pemprov dki jakaa memperpanjang psbb transisi sebagai bentuk ketidakseriusan dalam penanganan covid 
2021-01-04 08:26:57,reenafedeyka,siap divaksin peama tapi nik jokowi tidak terdaftar sebagai penerima vaksin bohong lagi 
2021-01-04 08:26:56,FARHAN99603216,harapan tahun semoga semua program dan kebijakan pemerintah berjalan lancar baik itu tentang pemberantasan covid vaksinasi pemulihan ekonomi maupun pemberantasan radikal dan intoleran di negeri ini 
